id,title,status,createdOn,closedOn,blocked,blockedBy,blockedSince,resumedAt,timeBlocked,blockReason,owner,handedTo,ticketType,sprint,team,timeInDev,timeInCreatedHours,timeInTechReviewHours,timeInBlockedforClarificationHours,timeInInSprintBacklogHours,timeInInDevelopmentHours,timeInTechQCHours,timeInBusinessQCHours,timeInDeprioritizedHours,timeInReleasedHours,Event_Log
T-1000,Implement Real-time Score Updates API,In Development,2025-01-07,,False,,,,,,unni,virat,Story,Sprint 22,Alpha,1d 5h,10.74,4.37,0.0,107.11,51.86,0.0,0.0,3.12,0,"[{""timestamp"": ""2025-01-07T00:00:00"", ""status"": ""Created"", ""user"": ""System""}, {""timestamp"": ""2025-01-07T10:44:26.158545"", ""status"": ""Tech Review"", ""user"": ""Naineet""}, {""timestamp"": ""2025-01-07T15:06:34.785805"", ""status"": ""In Sprint Backlog"", ""user"": ""Anshuman""}, {""timestamp"": ""2025-01-09T09:51:44.228119"", ""status"": ""In Development"", ""user"": ""Virat""}, {""timestamp"": ""2025-01-11T13:43:29.645653"", ""status"": ""Deprioritized"", ""user"": ""Virat""}, {""timestamp"": ""2025-01-11T16:50:41.698467"", ""status"": ""In Sprint Backlog"", ""user"": ""Virat""}, {""timestamp"": ""2025-01-14T09:12:24.227023"", ""status"": ""In Development"", ""user"": ""Kajol""}]"
T-1001,Fix Live Commentary Display Bug,Released,2025-01-12,2025-01-21T06:03:48.890238,True,Third-party API,2025-01-13,2025-01-15,2d 0h,External API dependency,shubham,shubham,Bug,,Beta,4d 14h,36.56,25.44,67.52,0.0,21.88,51.9,18.77,0.0,0,"[{""timestamp"": ""2025-01-12T00:00:00"", ""status"": ""Created"", ""user"": ""System""}, {""timestamp"": ""2025-01-13T12:33:27.954741"", ""status"": ""Tech Review"", ""user"": ""Virat""}, {""timestamp"": ""2025-01-14T14:00:08.653521"", ""status"": ""Blocked for Clarification"", ""user"": ""Kajol""}, {""timestamp"": ""2025-01-17T09:31:02.821781"", ""status"": ""In Development"", ""user"": ""Kajol""}, {""timestamp"": ""2025-01-18T07:24:05.039014"", ""status"": ""Tech QC"", ""user"": ""Virat""}, {""timestamp"": ""2025-01-20T11:17:54.005513"", ""status"": ""Business QC"", ""user"": ""Kajol""}, {""timestamp"": ""2025-01-21T06:03:48.890238"", ""status"": ""Released"", ""user"": ""Virat""}]"
T-1002,Add Player Statistics Dashboard,Released,2025-01-02,2025-01-13T18:24:33.736744,False,,,,,,ram,unni,Bug,Sprint 21,Alpha,5d 19h,2.8,4.56,27.07,0.0,35.61,87.35,125.01,0.0,0,"[{""timestamp"": ""2025-01-02T00:00:00"", ""status"": ""Created"", ""user"": ""System""}, {""timestamp"": ""2025-01-02T02:48:04.328055"", ""status"": ""Tech Review"", ""user"": ""Naineet""}, {""timestamp"": ""2025-01-02T07:21:42.667843"", ""status"": ""Blocked for Clarification"", ""user"": ""Anshuman""}, {""timestamp"": ""2025-01-03T10:26:09.374618"", ""status"": ""In Development"", ""user"": ""Naineet""}, {""timestamp"": ""2025-01-04T04:53:30.216171"", ""status"": ""Tech QC"", ""user"": ""Naineet""}, {""timestamp"": ""2025-01-07T02:54:58.612571"", ""status"": ""Business QC"", ""user"": ""Naineet""}, {""timestamp"": ""2025-01-09T15:45:13.625463"", ""status"": ""In Development"", ""user"": ""Naineet""}, {""timestamp"": ""2025-01-10T08:54:20.650306"", ""status"": ""Tech QC"", ""user"": ""Naineet""}, {""timestamp"": ""2025-01-11T02:14:05.999509"", ""status"": ""Business QC"", ""user"": ""Naineet""}, {""timestamp"": ""2025-01-13T18:24:33.736744"", ""status"": ""Released"", ""user"": ""Naineet""}]"
T-1003,Implement Match Schedule Calendar,Released,2025-01-04,2025-01-18T10:16:52.564221,True,Data Provider,2025-01-05,2025-01-09,4d 0h,Waiting for match data,unni,ram,Story,,Gamma,4d 2h,21.64,109.45,39.04,42.51,63.82,49.64,20.19,0.0,0,"[{""timestamp"": ""2025-01-04T00:00:00"", ""status"": ""Created"", ""user"": ""System""}, {""timestamp"": ""2025-01-04T21:38:32.761919"", ""status"": ""Tech Review"", ""user"": ""Kajol""}, {""timestamp"": ""2025-01-06T21:35:36.831593"", ""status"": ""Blocked for Clarification"", ""user"": ""Kajol""}, {""timestamp"": ""2025-01-08T12:37:55.627026"", ""status"": ""Tech Review"", ""user"": ""Kajol""}, {""timestamp"": ""2025-01-11T02:07:35.476345"", ""status"": ""In Sprint Backlog"", ""user"": ""Virat""}, {""timestamp"": ""2025-01-12T20:38:06.038004"", ""status"": ""In Development"", ""user"": ""Virat""}, {""timestamp"": ""2025-01-15T12:27:00.758553"", ""status"": ""Tech QC"", ""user"": ""Virat""}, {""timestamp"": ""2025-01-17T14:05:16.269756"", ""status"": ""Business QC"", ""user"": ""Virat""}, {""timestamp"": ""2025-01-18T10:16:52.564221"", ""status"": ""Released"", ""user"": ""Kajol""}]"
T-1004,Create Team Performance Analytics,Released,2025-01-16,2025-01-28T06:56:17.690623,True,Product Manager,2025-01-17,2025-01-20,3d 0h,Requirement clarification needed,shubham,ram,Bug,Sprint 20,Alpha,0d 11h,64.22,5.55,0.0,62.09,50.98,63.34,48.75,0.0,0,"[{""timestamp"": ""2025-01-16T00:00:00"", ""status"": ""Created"", ""user"": ""System""}, {""timestamp"": ""2025-01-18T16:13:07.499839"", ""status"": ""Tech Review"", ""user"": ""Virat""}, {""timestamp"": ""2025-01-18T21:45:52.651316"", ""status"": ""In Sprint Backlog"", ""user"": ""Kajol""}, {""timestamp"": ""2025-01-21T11:51:34.296912"", ""status"": ""In Development"", ""user"": ""Kajol""}, {""timestamp"": ""2025-01-23T14:50:31.942025"", ""status"": ""Tech QC"", ""user"": ""Anshuman""}, {""timestamp"": ""2025-01-26T06:11:09.423995"", ""status"": ""Business QC"", ""user"": ""Kajol""}, {""timestamp"": ""2025-01-28T06:56:17.690623"", ""status"": ""Released"", ""user"": ""Virat""}]"
T-1005,Build Over-by-Over Analysis Feature,Released,2025-01-12,2025-01-21T10:52:00.374048,True,Analytics Engine,2025-01-13,2025-01-18,5d 0h,Waiting for analytics processing,shubham,virat,Story,Sprint 21,Alpha,4d 8h,27.79,8.05,0.0,68.47,31.96,27.78,62.81,0.0,0,"[{""timestamp"": ""2025-01-12T00:00:00"", ""status"": ""Created"", ""user"": ""System""}, {""timestamp"": ""2025-01-13T03:47:33.655992"", ""status"": ""Tech Review"", ""user"": ""Naineet""}, {""timestamp"": ""2025-01-13T11:50:46.139142"", ""status"": ""In Sprint Backlog"", ""user"": ""Kajol""}, {""timestamp"": ""2025-01-16T08:19:06.301104"", ""status"": ""In Development"", ""user"": ""Kajol""}, {""timestamp"": ""2025-01-17T16:16:26.330821"", ""status"": ""Tech QC"", ""user"": ""Anshuman""}, {""timestamp"": ""2025-01-18T20:03:26.584025"", ""status"": ""Business QC"", ""user"": ""Anshuman""}, {""timestamp"": ""2025-01-21T10:52:00.374048"", ""status"": ""Released"", ""user"": ""Naineet""}]"
T-1006,Add Weather Integration for Matches,Business QC,2025-01-10,,True,Weather API,2025-01-11,2025-01-13,2d 0h,API rate limiting,ram,shubham,Story,,Alpha,4d 18h,9.48,36.5,0.0,35.7,67.35,63.46,0.0,0.0,0,"[{""timestamp"": ""2025-01-10T00:00:00"", ""status"": ""Created"", ""user"": ""System""}, {""timestamp"": ""2025-01-10T09:28:39.310664"", ""status"": ""Tech Review"", ""user"": ""Virat""}, {""timestamp"": ""2025-01-11T21:58:41.574785"", ""status"": ""In Sprint Backlog"", ""user"": ""Naineet""}, {""timestamp"": ""2025-01-13T09:40:24.083556"", ""status"": ""In Development"", ""user"": ""Kajol""}, {""timestamp"": ""2025-01-16T05:01:35.232815"", ""status"": ""Tech QC"", ""user"": ""Naineet""}, {""timestamp"": ""2025-01-18T20:29:24.988273"", ""status"": ""Business QC"", ""user"": ""Naineet""}]"
T-1007,Fix Scorecard Export Functionality,Tech Review,2025-01-04,,True,PDF Library,2025-01-05,2025-01-10,5d 0h,Library compatibility issues,virat,yukt,Bug,,Gamma,5d 23h,17.41,42.81,31.35,0.0,6.47,0.0,0.0,0.0,0,"[{""timestamp"": ""2025-01-04T00:00:00"", ""status"": ""Created"", ""user"": ""System""}, {""timestamp"": ""2025-01-04T17:24:29.260534"", ""status"": ""Tech Review"", ""user"": ""Anshuman""}, {""timestamp"": ""2025-01-06T12:13:21.558327"", ""status"": ""Blocked for Clarification"", ""user"": ""Anshuman""}, {""timestamp"": ""2025-01-07T01:41:21.268984"", ""status"": ""In Development"", ""user"": ""Anshuman""}, {""timestamp"": ""2025-01-07T08:09:36.453103"", ""status"": ""Blocked for Clarification"", ""user"": ""Anshuman""}, {""timestamp"": ""2025-01-08T02:02:33.026527"", ""status"": ""Tech Review"", ""user"": ""Anshuman""}]"
T-1008,Implement Push Notifications,Released,2025-01-07,2025-01-16T15:29:26.337551,True,Notification Service,2025-01-08,2025-01-10,2d 0h,Service configuration,virat,virat,Bug,Sprint 22,Alpha,0d 16h,49.51,30.4,0.0,30.35,21.18,70.76,29.28,0.0,0,"[{""timestamp"": ""2025-01-07T00:00:00"", ""status"": ""Created"", ""user"": ""System""}, {""timestamp"": ""2025-01-09T01:30:46.612384"", ""status"": ""Tech Review"", ""user"": ""Kajol""}, {""timestamp"": ""2025-01-10T07:54:54.556988"", ""status"": ""In Sprint Backlog"", ""user"": ""Kajol""}, {""timestamp"": ""2025-01-11T14:16:11.781620"", ""status"": ""In Development"", ""user"": ""Kajol""}, {""timestamp"": ""2025-01-12T11:26:52.561475"", ""status"": ""Tech QC"", ""user"": ""Virat""}, {""timestamp"": ""2025-01-15T10:12:31.066520"", ""status"": ""Business QC"", ""user"": ""Anshuman""}, {""timestamp"": ""2025-01-16T15:29:26.337551"", ""status"": ""Released"", ""user"": ""Kajol""}]"
T-1009,Add Video Highlights Integration,Released,2025-01-12,2025-01-27T14:59:28.416571,True,Video Provider,2025-01-13,2025-01-14,1d 0h,Content delivery network setup,shubham,virat,Infra,,Beta,2d 6h,58.77,32.71,0.0,89.47,79.35,26.73,69.87,18.09,0,"[{""timestamp"": ""2025-01-12T00:00:00"", ""status"": ""Created"", ""user"": ""System""}, {""timestamp"": ""2025-01-14T10:46:25.134847"", ""status"": ""Tech Review"", ""user"": ""Virat""}, {""timestamp"": ""2025-01-15T19:29:07.692462"", ""status"": ""In Sprint Backlog"", ""user"": ""Naineet""}, {""timestamp"": ""2025-01-18T15:26:50.255684"", ""status"": ""In Development"", ""user"": ""Naineet""}, {""timestamp"": ""2025-01-19T00:28:39.801599"", ""status"": ""Deprioritized"", ""user"": ""Virat""}, {""timestamp"": ""2025-01-19T18:33:49.488870"", ""status"": ""In Sprint Backlog"", ""user"": ""Kajol""}, {""timestamp"": ""2025-01-20T16:04:02.559868"", ""status"": ""In Development"", ""user"": ""Kajol""}, {""timestamp"": ""2025-01-23T14:23:05.417271"", ""status"": ""Tech QC"", ""user"": ""Virat""}, {""timestamp"": ""2025-01-24T17:07:00.226848"", ""status"": ""Business QC"", ""user"": ""Naineet""}, {""timestamp"": ""2025-01-27T14:59:28.416571"", ""status"": ""Released"", ""user"": ""Kajol""}]"
T-1010,Create Fantasy League Module,Deprioritized,2025-01-04,,False,,,,,,shubham,yukt,Bug,Sprint 22,Alpha,3d 8h,71.54,83.84,14.61,31.03,30.6,0.0,0.0,0.0,0,"[{""timestamp"": ""2025-01-04T00:00:00"", ""status"": ""Created"", ""user"": ""System""}, {""timestamp"": ""2025-01-06T23:32:26.223320"", ""status"": ""Tech Review"", ""user"": ""Virat""}, {""timestamp"": ""2025-01-07T13:50:44.764415"", ""status"": ""Blocked for Clarification"", ""user"": ""Naineet""}, {""timestamp"": ""2025-01-08T04:27:03.295246"", ""status"": ""Tech Review"", ""user"": ""Virat""}, {""timestamp"": ""2025-01-11T01:59:16.093993"", ""status"": ""In Sprint Backlog"", ""user"": ""Virat""}, {""timestamp"": ""2025-01-12T09:00:51.027881"", ""status"": ""In Development"", ""user"": ""Virat""}, {""timestamp"": ""2025-01-13T15:36:51.286615"", ""status"": ""Deprioritized"", ""user"": ""Kajol""}]"
T-1011,Implement Betting Odds Display,Released,2025-01-13,2025-01-29T15:41:41.808170,True,Odds Provider,2025-01-14,2025-01-16,2d 0h,API authentication,ram,unni,Infra,Sprint 21,Alpha,0d 13h,19.84,10.88,0.0,93.46,133.17,44.61,11.67,86.06,0,"[{""timestamp"": ""2025-01-13T00:00:00"", ""status"": ""Created"", ""user"": ""System""}, {""timestamp"": ""2025-01-13T19:50:19.662260"", ""status"": ""Tech Review"", ""user"": ""Kajol""}, {""timestamp"": ""2025-01-14T06:43:09.840899"", ""status"": ""In Sprint Backlog"", ""user"": ""Kajol""}, {""timestamp"": ""2025-01-15T11:24:40.568764"", ""status"": ""In Development"", ""user"": ""Naineet""}, {""timestamp"": ""2025-01-16T04:48:35.807937"", ""status"": ""Deprioritized"", ""user"": ""Kajol""}, {""timestamp"": ""2025-01-17T06:49:53.533355"", ""status"": ""In Sprint Backlog"", ""user"": ""Anshuman""}, {""timestamp"": ""2025-01-18T13:41:44.287434"", ""status"": ""In Development"", ""user"": ""Kajol""}, {""timestamp"": ""2025-01-20T21:54:00.044169"", ""status"": ""Deprioritized"", ""user"": ""Virat""}, {""timestamp"": ""2025-01-23T09:56:33.721214"", ""status"": ""In Sprint Backlog"", ""user"": ""Virat""}, {""timestamp"": ""2025-01-24T19:50:44.450291"", ""status"": ""In Development"", ""user"": ""Kajol""}, {""timestamp"": ""2025-01-27T07:24:57.556646"", ""status"": ""Tech QC"", ""user"": ""Virat""}, {""timestamp"": ""2025-01-29T04:01:40.319064"", ""status"": ""Business QC"", ""user"": ""Virat""}, {""timestamp"": ""2025-01-29T15:41:41.808170"", ""status"": ""Released"", ""user"": ""Kajol""}]"
T-1012,Add Social Media Integration,Blocked for Clarification,2025-01-04,,True,Social APIs,2025-01-05,2025-01-06,1d 0h,API rate limits,yukt,virat,Infra,,Beta,0d 22h,26.11,98.38,88.68,0.0,0.0,0.0,0.0,0.0,0,"[{""timestamp"": ""2025-01-04T00:00:00"", ""status"": ""Created"", ""user"": ""System""}, {""timestamp"": ""2025-01-05T02:06:40.561112"", ""status"": ""Tech Review"", ""user"": ""Anshuman""}, {""timestamp"": ""2025-01-06T12:59:38.211600"", ""status"": ""Blocked for Clarification"", ""user"": ""Kajol""}, {""timestamp"": ""2025-01-07T23:04:06.783034"", ""status"": ""Tech Review"", ""user"": ""Kajol""}, {""timestamp"": ""2025-01-10T07:44:59.988556"", ""status"": ""Blocked for Clarification"", ""user"": ""Naineet""}, {""timestamp"": ""2025-01-12T14:21:03.102018"", ""status"": ""Tech Review"", ""user"": ""Anshuman""}, {""timestamp"": ""2025-01-12T21:09:54.497148"", ""status"": ""Blocked for Clarification"", ""user"": ""Anshuman""}]"
T-1013,Fix Live Chat Feature Bug,Released,2025-01-07,2025-01-21T09:17:45.070260,True,WebSocket Service,2025-01-08,2025-01-09,1d 0h,Connection stability issues,unni,unni,Bug,,Alpha,1d 16h,39.58,39.28,0.0,37.84,132.24,47.59,6.18,42.59,0,"[{""timestamp"": ""2025-01-07T00:00:00"", ""status"": ""Created"", ""user"": ""System""}, {""timestamp"": ""2025-01-08T15:34:55.090837"", ""status"": ""Tech Review"", ""user"": ""Naineet""}, {""timestamp"": ""2025-01-10T06:51:31.843079"", ""status"": ""In Sprint Backlog"", ""user"": ""Kajol""}, {""timestamp"": ""2025-01-10T10:46:00.263981"", ""status"": ""In Development"", ""user"": ""Virat""}, {""timestamp"": ""2025-01-13T00:54:51.474190"", ""status"": ""Deprioritized"", ""user"": ""Virat""}, {""timestamp"": ""2025-01-14T19:30:21.203132"", ""status"": ""In Sprint Backlog"", ""user"": ""Virat""}, {""timestamp"": ""2025-01-16T05:26:03.323747"", ""status"": ""In Development"", ""user"": ""Naineet""}, {""timestamp"": ""2025-01-19T03:31:20.118188"", ""status"": ""Tech QC"", ""user"": ""Naineet""}, {""timestamp"": ""2025-01-21T03:06:59.188994"", ""status"": ""Business QC"", ""user"": ""Anshuman""}, {""timestamp"": ""2025-01-21T09:17:45.070260"", ""status"": ""Released"", ""user"": ""Naineet""}]"
T-1014,Build Player Comparison Tool,Released,2025-01-02,2025-01-17T20:58:06.379573,False,,,,,,yukt,ram,Story,,Alpha,2d 11h,14.46,28.81,9.31,66.64,95.06,47.75,55.15,63.79,0,"[{""timestamp"": ""2025-01-02T00:00:00"", ""status"": ""Created"", ""user"": ""System""}, {""timestamp"": ""2025-01-02T14:27:31.878387"", ""status"": ""Tech Review"", ""user"": ""Anshuman""}, {""timestamp"": ""2025-01-03T19:15:51.430926"", ""status"": ""Blocked for Clarification"", ""user"": ""Virat""}, {""timestamp"": ""2025-01-04T04:34:32.139405"", ""status"": ""In Development"", ""user"": ""Anshuman""}, {""timestamp"": ""2025-01-06T00:14:02.764661"", ""status"": ""Tech QC"", ""user"": ""Kajol""}, {""timestamp"": ""2025-01-07T00:23:13.615243"", ""status"": ""In Development"", ""user"": ""Kajol""}, {""timestamp"": ""2025-01-08T21:56:02.301142"", ""status"": ""Deprioritized"", ""user"": ""Kajol""}, {""timestamp"": ""2025-01-11T13:43:38.187834"", ""status"": ""In Sprint Backlog"", ""user"": ""Anshuman""}, {""timestamp"": ""2025-01-14T08:22:10.423427"", ""status"": ""In Development"", ""user"": ""Anshuman""}, {""timestamp"": ""2025-01-14T14:13:34.372689"", ""status"": ""Tech QC"", ""user"": ""Virat""}, {""timestamp"": ""2025-01-15T13:49:16.135928"", ""status"": ""Business QC"", ""user"": ""Virat""}, {""timestamp"": ""2025-01-17T20:58:06.379573"", ""status"": ""Released"", ""user"": ""Naineet""}]"
T-1015,Add Match Prediction Algorithm,Tech QC,2025-01-15,,True,ML Model,2025-01-16,2025-01-17,1d 0h,Model training completion,unni,unni,Bug,Sprint 21,Alpha,5d 8h,7.52,169.62,141.86,46.69,54.21,56.67,0.0,0.0,0,"[{""timestamp"": ""2025-01-15T00:00:00"", ""status"": ""Created"", ""user"": ""System""}, {""timestamp"": ""2025-01-15T07:31:27.175095"", ""status"": ""Tech Review"", ""user"": ""Naineet""}, {""timestamp"": ""2025-01-17T01:16:18.768666"", ""status"": ""Blocked for Clarification"", ""user"": ""Virat""}, {""timestamp"": ""2025-01-17T06:38:00.869920"", ""status"": ""Tech Review"", ""user"": ""Anshuman""}, {""timestamp"": ""2025-01-19T07:54:23.953950"", ""status"": ""Blocked for Clarification"", ""user"": ""Anshuman""}, {""timestamp"": ""2025-01-20T21:43:55.157646"", ""status"": ""Tech Review"", ""user"": ""Naineet""}, {""timestamp"": ""2025-01-23T13:42:25.965675"", ""status"": ""Blocked for Clarification"", ""user"": ""Virat""}, {""timestamp"": ""2025-01-25T19:36:31.402929"", ""status"": ""In Development"", ""user"": ""Naineet""}, {""timestamp"": ""2025-01-26T16:24:36.258121"", ""status"": ""Blocked for Clarification"", ""user"": ""Virat""}, {""timestamp"": ""2025-01-28T13:10:44.975413"", ""status"": ""Tech Review"", ""user"": ""Naineet""}, {""timestamp"": ""2025-01-29T03:48:26.956554"", ""status"": ""In Sprint Backlog"", ""user"": ""Kajol""}, {""timestamp"": ""2025-01-31T02:30:03.318155"", ""status"": ""In Development"", ""user"": ""Virat""}, {""timestamp"": ""2025-01-31T18:38:15.645113"", ""status"": ""Tech QC"", ""user"": ""Virat""}, {""timestamp"": ""2025-02-03T03:18:19.253159"", ""status"": ""In Development"", ""user"": ""Kajol""}, {""timestamp"": ""2025-02-03T20:34:41.508368"", ""status"": ""Tech QC"", ""user"": ""Anshuman""}]"
T-1016,Implement Stadium Information System,Tech QC,2025-01-10,,True,Venue Database,2025-01-11,2025-01-12,1d 0h,Database synchronization,ram,unni,Infra,,Gamma,1d 15h,63.84,11.74,0.0,21.6,41.22,11.91,0.0,0.0,0,"[{""timestamp"": ""2025-01-10T00:00:00"", ""status"": ""Created"", ""user"": ""System""}, {""timestamp"": ""2025-01-12T15:50:35.567518"", ""status"": ""Tech Review"", ""user"": ""Naineet""}, {""timestamp"": ""2025-01-13T03:35:08.115134"", ""status"": ""In Sprint Backlog"", ""user"": ""Anshuman""}, {""timestamp"": ""2025-01-14T01:11:20.493877"", ""status"": ""In Development"", ""user"": ""Virat""}, {""timestamp"": ""2025-01-14T18:38:01.281261"", ""status"": ""Tech QC"", ""user"": ""Virat""}, {""timestamp"": ""2025-01-15T06:32:45.335960"", ""status"": ""In Development"", ""user"": ""Kajol""}, {""timestamp"": ""2025-01-16T06:19:24.305421"", ""status"": ""Tech QC"", ""user"": ""Anshuman""}]"
T-1017,Create Historical Match Archive,Released,2025-01-06,2025-01-17T14:26:50.153828,True,Archive Service,2025-01-07,2025-01-10,3d 0h,Data migration in progress,unni,yukt,Bug,Sprint 20,Gamma,3d 21h,59.44,65.79,0.0,46.98,54.21,45.9,6.12,0.0,0,"[{""timestamp"": ""2025-01-06T00:00:00"", ""status"": ""Created"", ""user"": ""System""}, {""timestamp"": ""2025-01-08T11:26:28.697612"", ""status"": ""Tech Review"", ""user"": ""Naineet""}, {""timestamp"": ""2025-01-11T05:14:03.456268"", ""status"": ""In Sprint Backlog"", ""user"": ""Naineet""}, {""timestamp"": ""2025-01-13T04:12:47.591664"", ""status"": ""In Development"", ""user"": ""Virat""}, {""timestamp"": ""2025-01-15T10:25:37.888686"", ""status"": ""Tech QC"", ""user"": ""Anshuman""}, {""timestamp"": ""2025-01-17T08:19:25.970479"", ""status"": ""Business QC"", ""user"": ""Virat""}, {""timestamp"": ""2025-01-17T14:26:50.153828"", ""status"": ""Released"", ""user"": ""Naineet""}]"
T-1018,Add Multi-language Support,Released,2025-01-07,2025-01-22T12:28:32.243404,True,Translation Service,2025-01-08,2025-01-10,2d 0h,Translation API setup,unni,virat,Bug,Sprint 22,Beta,1d 2h,64.41,69.41,0.0,32.28,70.74,71.83,63.8,0.0,0,"[{""timestamp"": ""2025-01-07T00:00:00"", ""status"": ""Created"", ""user"": ""System""}, {""timestamp"": ""2025-01-09T16:24:40.120804"", ""status"": ""Tech Review"", ""user"": ""Virat""}, {""timestamp"": ""2025-01-12T13:49:29.846977"", ""status"": ""In Sprint Backlog"", ""user"": ""Virat""}, {""timestamp"": ""2025-01-13T22:06:34.770452"", ""status"": ""In Development"", ""user"": ""Kajol""}, {""timestamp"": ""2025-01-16T20:50:49.388342"", ""status"": ""Tech QC"", ""user"": ""Kajol""}, {""timestamp"": ""2025-01-19T20:40:32.274652"", ""status"": ""Business QC"", ""user"": ""Naineet""}, {""timestamp"": ""2025-01-22T12:28:32.243404"", ""status"": ""Released"", ""user"": ""Kajol""}]"
T-1019,Implement Ticket Booking System,Released,2025-01-14,2025-01-24T15:32:07.740628,True,Payment Gateway,2025-01-15,2025-01-17,2d 0h,Payment integration testing,ram,yukt,Bug,Sprint 22,Gamma,3d 22h,51.24,55.73,0.0,51.37,15.96,35.88,45.36,0.0,0,"[{""timestamp"": ""2025-01-14T00:00:00"", ""status"": ""Created"", ""user"": ""System""}, {""timestamp"": ""2025-01-16T03:14:20.442728"", ""status"": ""Tech Review"", ""user"": ""Naineet""}, {""timestamp"": ""2025-01-18T10:58:18.726099"", ""status"": ""In Sprint Backlog"", ""user"": ""Virat""}, {""timestamp"": ""2025-01-20T14:20:22.201197"", ""status"": ""In Development"", ""user"": ""Kajol""}, {""timestamp"": ""2025-01-21T06:17:52.614562"", ""status"": ""Tech QC"", ""user"": ""Anshuman""}, {""timestamp"": ""2025-01-22T18:10:47.132341"", ""status"": ""Business QC"", ""user"": ""Naineet""}, {""timestamp"": ""2025-01-24T15:32:07.740628"", ""status"": ""Released"", ""user"": ""Virat""}]"
T-1020,Build Admin Dashboard,Released,2025-01-15,2025-02-01T06:37:50.955705,True,Business Stakeholder,2025-01-16,2025-01-18,2d 0h,Stuck in business QC,virat,virat,Infra,,Beta,4d 2h,5.55,65.44,11.25,56.19,171.37,33.88,40.43,30.52,0,"[{""timestamp"": ""2025-01-15T00:00:00"", ""status"": ""Created"", ""user"": ""System""}, {""timestamp"": ""2025-01-15T05:32:43.605384"", ""status"": ""Tech Review"", ""user"": ""Virat""}, {""timestamp"": ""2025-01-17T22:59:25.207835"", ""status"": ""In Sprint Backlog"", ""user"": ""Kajol""}, {""timestamp"": ""2025-01-19T21:41:10.984060"", ""status"": ""In Development"", ""user"": ""Anshuman""}, {""timestamp"": ""2025-01-22T03:53:03.255310"", ""status"": ""Blocked for Clarification"", ""user"": ""Anshuman""}, {""timestamp"": ""2025-01-22T15:07:50.486981"", ""status"": ""In Development"", ""user"": ""Naineet""}, {""timestamp"": ""2025-01-24T13:43:33.237421"", ""status"": ""Deprioritized"", ""user"": ""Anshuman""}, {""timestamp"": ""2025-01-25T20:14:45.385770"", ""status"": ""In Sprint Backlog"", ""user"": ""Virat""}, {""timestamp"": ""2025-01-26T05:44:39.424327"", ""status"": ""In Development"", ""user"": ""Virat""}, {""timestamp"": ""2025-01-28T08:47:45.780437"", ""status"": ""Tech QC"", ""user"": ""Virat""}, {""timestamp"": ""2025-01-28T12:39:15.144351"", ""status"": ""In Development"", ""user"": ""Kajol""}, {""timestamp"": ""2025-01-29T08:10:41.904356"", ""status"": ""Tech QC"", ""user"": ""Anshuman""}, {""timestamp"": ""2025-01-30T14:12:10.151280"", ""status"": ""Business QC"", ""user"": ""Anshuman""}, {""timestamp"": ""2025-02-01T06:37:50.955705"", ""status"": ""Released"", ""user"": ""Anshuman""}]"
T-1021,Add Match Statistics Calculator,Released,2025-01-04,2025-01-10T11:55:15.754039,False,,,,,,shubham,ram,Infra,Sprint 20,Alpha,4d 15h,24.51,4.45,65.35,0.0,14.02,26.65,20.92,0.0,0,"[{""timestamp"": ""2025-01-04T00:00:00"", ""status"": ""Created"", ""user"": ""System""}, {""timestamp"": ""2025-01-05T00:30:53.936461"", ""status"": ""Tech Review"", ""user"": ""Kajol""}, {""timestamp"": ""2025-01-05T04:58:03.188971"", ""status"": ""Blocked for Clarification"", ""user"": ""Anshuman""}, {""timestamp"": ""2025-01-05T17:05:52.561524"", ""status"": ""In Development"", ""user"": ""Virat""}, {""timestamp"": ""2025-01-05T21:24:40.291928"", ""status"": ""Blocked for Clarification"", ""user"": ""Virat""}, {""timestamp"": ""2025-01-08T02:38:00.980568"", ""status"": ""In Development"", ""user"": ""Virat""}, {""timestamp"": ""2025-01-08T12:20:43.147869"", ""status"": ""Tech QC"", ""user"": ""Virat""}, {""timestamp"": ""2025-01-09T14:59:54.112978"", ""status"": ""Business QC"", ""user"": ""Kajol""}, {""timestamp"": ""2025-01-10T11:55:15.754039"", ""status"": ""Released"", ""user"": ""Virat""}]"
T-1022,Create Team Ranking System,Released,2025-01-12,2025-01-22T12:23:46.583750,True,Ranking Algorithm,2025-01-13,2025-01-17,4d 0h,Algorithm optimization needed,unni,virat,Bug,Sprint 22,Gamma,0d 19h,49.02,40.87,0.0,63.45,25.19,51.93,21.94,0.0,0,"[{""timestamp"": ""2025-01-12T00:00:00"", ""status"": ""Created"", ""user"": ""System""}, {""timestamp"": ""2025-01-14T01:01:23.084397"", ""status"": ""Tech Review"", ""user"": ""Naineet""}, {""timestamp"": ""2025-01-15T17:53:25.671812"", ""status"": ""In Sprint Backlog"", ""user"": ""Kajol""}, {""timestamp"": ""2025-01-18T09:20:23.978974"", ""status"": ""In Development"", ""user"": ""Naineet""}, {""timestamp"": ""2025-01-19T10:31:45.273833"", ""status"": ""Tech QC"", ""user"": ""Anshuman""}, {""timestamp"": ""2025-01-21T14:27:38.041461"", ""status"": ""Business QC"", ""user"": ""Kajol""}, {""timestamp"": ""2025-01-22T12:23:46.583750"", ""status"": ""Released"", ""user"": ""Virat""}]"
T-1023,Implement Match Replay Feature,Released,2025-01-15,2025-01-21T21:23:34.815971,True,Video Processing,2025-01-16,2025-01-17,1d 0h,Video encoding in progress,yukt,yukt,Infra,Sprint 20,Alpha,2d 20h,15.7,48.39,0.0,16.39,9.25,56.57,19.09,0.0,0,"[{""timestamp"": ""2025-01-15T00:00:00"", ""status"": ""Created"", ""user"": ""System""}, {""timestamp"": ""2025-01-15T15:41:53.657963"", ""status"": ""Tech Review"", ""user"": ""Virat""}, {""timestamp"": ""2025-01-17T16:05:26.155786"", ""status"": ""In Sprint Backlog"", ""user"": ""Naineet""}, {""timestamp"": ""2025-01-18T08:28:55.341735"", ""status"": ""In Development"", ""user"": ""Naineet""}, {""timestamp"": ""2025-01-18T17:43:47.719519"", ""status"": ""Tech QC"", ""user"": ""Virat""}, {""timestamp"": ""2025-01-21T02:17:59.735592"", ""status"": ""Business QC"", ""user"": ""Naineet""}, {""timestamp"": ""2025-01-21T21:23:34.815971"", ""status"": ""Released"", ""user"": ""Kajol""}]"
T-1024,Add Player Injury Updates,Released,2025-01-13,2025-01-23T02:09:33.154946,True,Medical Team,2025-01-14,2025-01-16,2d 0h,Waiting for medical reports,yukt,shubham,Bug,Sprint 22,Alpha,3d 14h,49.67,38.22,0.0,20.58,23.38,60.02,50.29,0.0,0,"[{""timestamp"": ""2025-01-13T00:00:00"", ""status"": ""Created"", ""user"": ""System""}, {""timestamp"": ""2025-01-15T01:40:26.313120"", ""status"": ""Tech Review"", ""user"": ""Naineet""}, {""timestamp"": ""2025-01-16T15:53:20.671884"", ""status"": ""In Sprint Backlog"", ""user"": ""Naineet""}, {""timestamp"": ""2025-01-17T12:28:14.785385"", ""status"": ""In Development"", ""user"": ""Kajol""}, {""timestamp"": ""2025-01-18T11:51:12.748279"", ""status"": ""Tech QC"", ""user"": ""Anshuman""}, {""timestamp"": ""2025-01-20T23:52:21.845700"", ""status"": ""Business QC"", ""user"": ""Virat""}, {""timestamp"": ""2025-01-23T02:09:33.154946"", ""status"": ""Released"", ""user"": ""Anshuman""}]"
T-1025,Create Match Summary Generator,Tech QC,2025-01-15,,True,AI Service,2025-01-16,2025-01-20,4d 0h,AI model training,unni,shubham,Bug,,Alpha,3d 14h,55.91,58.56,15.89,42.81,89.8,0.0,0.0,3.41,0,"[{""timestamp"": ""2025-01-15T00:00:00"", ""status"": ""Created"", ""user"": ""System""}, {""timestamp"": ""2025-01-17T07:54:52.796976"", ""status"": ""Tech Review"", ""user"": ""Naineet""}, {""timestamp"": ""2025-01-19T18:28:18.306000"", ""status"": ""Blocked for Clarification"", ""user"": ""Anshuman""}, {""timestamp"": ""2025-01-20T10:21:32.657311"", ""status"": ""In Development"", ""user"": ""Naineet""}, {""timestamp"": ""2025-01-21T17:48:35.274005"", ""status"": ""Deprioritized"", ""user"": ""Naineet""}, {""timestamp"": ""2025-01-21T21:13:09.086165"", ""status"": ""In Sprint Backlog"", ""user"": ""Kajol""}, {""timestamp"": ""2025-01-23T16:01:28.710162"", ""status"": ""In Development"", ""user"": ""Virat""}, {""timestamp"": ""2025-01-26T02:22:33.260007"", ""status"": ""Tech QC"", ""user"": ""Virat""}]"
T-1026,Build Tournament Bracket System,Business QC,2025-01-16,,True,Tournament API,2025-01-17,2025-01-20,3d 0h,Tournament data sync,yukt,yukt,Bug,,Alpha,4d 21h,35.05,56.05,0.0,19.24,12.32,52.62,0.0,0.0,0,"[{""timestamp"": ""2025-01-16T00:00:00"", ""status"": ""Created"", ""user"": ""System""}, {""timestamp"": ""2025-01-17T11:03:17.357281"", ""status"": ""Tech Review"", ""user"": ""Kajol""}, {""timestamp"": ""2025-01-19T19:06:08.999534"", ""status"": ""In Sprint Backlog"", ""user"": ""Naineet""}, {""timestamp"": ""2025-01-20T14:20:33.563047"", ""status"": ""In Development"", ""user"": ""Anshuman""}, {""timestamp"": ""2025-01-21T02:39:34.387066"", ""status"": ""Tech QC"", ""user"": ""Anshuman""}, {""timestamp"": ""2025-01-23T07:16:36.721574"", ""status"": ""Business QC"", ""user"": ""Virat""}]"
T-1027,Add Live Polling Feature,Released,2025-01-15,2025-01-29T07:45:16.779325,True,Polling Service,2025-01-16,2025-01-21,5d 0h,Service infrastructure setup,unni,yukt,Infra,Sprint 22,Beta,6d 0h,12.76,52.47,66.77,0.0,112.97,27.42,71.36,0.0,0,"[{""timestamp"": ""2025-01-15T00:00:00"", ""status"": ""Created"", ""user"": ""System""}, {""timestamp"": ""2025-01-15T12:45:44.646241"", ""status"": ""Tech Review"", ""user"": ""Kajol""}, {""timestamp"": ""2025-01-17T17:13:51.814638"", ""status"": ""Blocked for Clarification"", ""user"": ""Naineet""}, {""timestamp"": ""2025-01-18T22:07:35.562935"", ""status"": ""In Development"", ""user"": ""Kajol""}, {""timestamp"": ""2025-01-21T02:56:08.916358"", ""status"": ""Blocked for Clarification"", ""user"": ""Naineet""}, {""timestamp"": ""2025-01-22T16:48:46.324516"", ""status"": ""In Development"", ""user"": ""Naineet""}, {""timestamp"": ""2025-01-25T04:58:21.175019"", ""status"": ""Tech QC"", ""user"": ""Kajol""}, {""timestamp"": ""2025-01-26T08:23:48.685109"", ""status"": ""Business QC"", ""user"": ""Naineet""}, {""timestamp"": ""2025-01-29T07:45:16.779325"", ""status"": ""Released"", ""user"": ""Anshuman""}]"
T-1028,Implement Match Timer Countdown,Released,2025-01-02,2025-01-10T23:02:48.591220,False,,,,,,unni,ram,Bug,Sprint 21,Beta,3d 0h,50.16,29.47,12.52,0.0,55.54,49.18,18.17,0.0,0,"[{""timestamp"": ""2025-01-02T00:00:00"", ""status"": ""Created"", ""user"": ""System""}, {""timestamp"": ""2025-01-04T02:09:51.428671"", ""status"": ""Tech Review"", ""user"": ""Naineet""}, {""timestamp"": ""2025-01-05T07:38:18.439306"", ""status"": ""Blocked for Clarification"", ""user"": ""Virat""}, {""timestamp"": ""2025-01-05T20:09:17.794812"", ""status"": ""In Development"", ""user"": ""Kajol""}, {""timestamp"": ""2025-01-07T01:41:25.541843"", ""status"": ""Tech QC"", ""user"": ""Virat""}, {""timestamp"": ""2025-01-08T18:43:00.745454"", ""status"": ""In Development"", ""user"": ""Naineet""}, {""timestamp"": ""2025-01-09T20:43:26.552179"", ""status"": ""Tech QC"", ""user"": ""Naineet""}, {""timestamp"": ""2025-01-10T04:52:49.665026"", ""status"": ""Business QC"", ""user"": ""Virat""}, {""timestamp"": ""2025-01-10T23:02:48.591220"", ""status"": ""Released"", ""user"": ""Kajol""}]"
T-1029,Create Player Profile Pages,Business QC,2025-01-10,,False,,,,,,ram,shubham,Story,,Gamma,3d 8h,61.7,2.39,57.1,0.0,61.16,69.31,0.0,0.0,0,"[{""timestamp"": ""2025-01-10T00:00:00"", ""status"": ""Created"", ""user"": ""System""}, {""timestamp"": ""2025-01-12T13:41:47.548634"", ""status"": ""Tech Review"", ""user"": ""Naineet""}, {""timestamp"": ""2025-01-12T16:05:06.130103"", ""status"": ""Blocked for Clarification"", ""user"": ""Anshuman""}, {""timestamp"": ""2025-01-15T01:11:01.671953"", ""status"": ""In Development"", ""user"": ""Naineet""}, {""timestamp"": ""2025-01-17T14:20:25.753913"", ""status"": ""Tech QC"", ""user"": ""Virat""}, {""timestamp"": ""2025-01-20T11:38:45.586406"", ""status"": ""Business QC"", ""user"": ""Kajol""}]"
T-1030,Add Match Highlights Auto-Generation,Released,2025-01-18,2025-01-29T13:37:42.571447,True,Video AI,2025-01-19,2025-01-22,3d 0h,AI processing queue,shubham,unni,Story,Sprint 23,Alpha,4d 12h,44.22,43.96,55.84,52.42,68.35,2.93,9.9,0.0,0,"[{""timestamp"": ""2025-01-18T00:00:00"", ""status"": ""Created"", ""user"": ""System""}, {""timestamp"": ""2025-01-19T20:13:26.226510"", ""status"": ""Tech Review"", ""user"": ""Anshuman""}, {""timestamp"": ""2025-01-21T16:11:09.551274"", ""status"": ""In Sprint Backlog"", ""user"": ""Kajol""}, {""timestamp"": ""2025-01-23T20:36:05.631488"", ""status"": ""In Development"", ""user"": ""Virat""}, {""timestamp"": ""2025-01-25T01:17:58.726295"", ""status"": ""Blocked for Clarification"", ""user"": ""Anshuman""}, {""timestamp"": ""2025-01-27T09:08:35.790667"", ""status"": ""In Development"", ""user"": ""Naineet""}, {""timestamp"": ""2025-01-29T00:47:37.774239"", ""status"": ""Tech QC"", ""user"": ""Naineet""}, {""timestamp"": ""2025-01-29T03:43:31.371680"", ""status"": ""Business QC"", ""user"": ""Naineet""}, {""timestamp"": ""2025-01-29T13:37:42.571447"", ""status"": ""Released"", ""user"": ""Anshuman""}]"
T-1031,Build Match Statistics Dashboard,Released,2025-01-20,2025-01-31T02:31:07.767210,True,Analytics Platform,2025-01-21,2025-01-24,3d 0h,Data pipeline setup,virat,yukt,Infra,Sprint 23,Beta,5d 8h,8.07,44.65,8.09,31.77,36.12,69.73,68.09,0.0,0,"[{""timestamp"": ""2025-01-20T00:00:00"", ""status"": ""Created"", ""user"": ""System""}, {""timestamp"": ""2025-01-20T08:04:15.692844"", ""status"": ""Tech Review"", ""user"": ""Virat""}, {""timestamp"": ""2025-01-20T19:57:27.988439"", ""status"": ""Blocked for Clarification"", ""user"": ""Naineet""}, {""timestamp"": ""2025-01-21T04:02:44.007679"", ""status"": ""Tech Review"", ""user"": ""Virat""}, {""timestamp"": ""2025-01-22T12:48:38.032333"", ""status"": ""In Sprint Backlog"", ""user"": ""Anshuman""}, {""timestamp"": ""2025-01-23T20:35:00.204441"", ""status"": ""In Development"", ""user"": ""Naineet""}, {""timestamp"": ""2025-01-25T08:42:11.611217"", ""status"": ""Tech QC"", ""user"": ""Anshuman""}, {""timestamp"": ""2025-01-28T06:25:47.530002"", ""status"": ""Business QC"", ""user"": ""Kajol""}, {""timestamp"": ""2025-01-31T02:31:07.767210"", ""status"": ""Released"", ""user"": ""Anshuman""}]"
T-1032,Implement Team Chat Feature,Released,2025-01-22,2025-02-02T16:08:28.933677,True,Product Owner,2025-01-23,2025-01-25,2d 0h,Waiting to be prioritized,yukt,yukt,Bug,Sprint 23,Gamma,2d 6h,63.9,58.03,0.0,32.82,22.85,46.79,55.75,0.0,0,"[{""timestamp"": ""2025-01-22T00:00:00"", ""status"": ""Created"", ""user"": ""System""}, {""timestamp"": ""2025-01-24T15:54:06.112357"", ""status"": ""Tech Review"", ""user"": ""Naineet""}, {""timestamp"": ""2025-01-27T01:55:51.174591"", ""status"": ""In Sprint Backlog"", ""user"": ""Kajol""}, {""timestamp"": ""2025-01-28T10:45:07.313496"", ""status"": ""In Development"", ""user"": ""Kajol""}, {""timestamp"": ""2025-01-29T09:36:02.859275"", ""status"": ""Tech QC"", ""user"": ""Kajol""}, {""timestamp"": ""2025-01-31T08:23:18.454338"", ""status"": ""Business QC"", ""user"": ""Virat""}, {""timestamp"": ""2025-02-02T16:08:28.933677"", ""status"": ""Released"", ""user"": ""Kajol""}]"
T-1033,Add Match Weather Alerts,Released,2025-01-25,2025-02-01T20:41:09.852512,True,Weather Service,2025-01-26,2025-01-28,2d 0h,Alert system configuration,ram,shubham,Story,Sprint 23,Alpha,3d 15h,8.82,71.32,0.0,30.02,12.2,24.69,41.64,0.0,0,"[{""timestamp"": ""2025-01-25T00:00:00"", ""status"": ""Created"", ""user"": ""System""}, {""timestamp"": ""2025-01-25T08:49:02.232855"", ""status"": ""Tech Review"", ""user"": ""Kajol""}, {""timestamp"": ""2025-01-28T08:08:08.354165"", ""status"": ""In Sprint Backlog"", ""user"": ""Anshuman""}, {""timestamp"": ""2025-01-29T14:09:18.897246"", ""status"": ""In Development"", ""user"": ""Anshuman""}, {""timestamp"": ""2025-01-30T02:21:27.630857"", ""status"": ""Tech QC"", ""user"": ""Virat""}, {""timestamp"": ""2025-01-31T03:02:43.309439"", ""status"": ""Business QC"", ""user"": ""Virat""}, {""timestamp"": ""2025-02-01T20:41:09.852512"", ""status"": ""Released"", ""user"": ""Virat""}]"
T-1034,Create Match Report Generator,Released,2025-01-28,2025-02-08T05:17:36.688672,True,Report Engine,2025-01-29,2025-02-01,3d 0h,Template generation,unni,virat,Bug,Sprint 24,Beta,4d 10h,64.99,7.04,0.0,28.46,51.38,70.91,46.51,0.0,0,"[{""timestamp"": ""2025-01-28T00:00:00"", ""status"": ""Created"", ""user"": ""System""}, {""timestamp"": ""2025-01-30T16:59:18.877671"", ""status"": ""Tech Review"", ""user"": ""Virat""}, {""timestamp"": ""2025-01-31T00:01:25.370282"", ""status"": ""In Sprint Backlog"", ""user"": ""Kajol""}, {""timestamp"": ""2025-02-01T04:29:07.467538"", ""status"": ""In Development"", ""user"": ""Kajol""}, {""timestamp"": ""2025-02-03T07:52:12.465717"", ""status"": ""Tech QC"", ""user"": ""Kajol""}, {""timestamp"": ""2025-02-06T06:47:02.519197"", ""status"": ""Business QC"", ""user"": ""Naineet""}, {""timestamp"": ""2025-02-08T05:17:36.688672"", ""status"": ""Released"", ""user"": ""Kajol""}]"
T-1035,Add Player Performance Tracking,Released,2025-01-30,2025-02-06T07:04:03.232951,True,Performance API,2025-01-31,2025-02-03,3d 0h,API integration testing,shubham,ram,Story,Sprint 24,Alpha,5d 12h,41.26,28.93,0.0,19.62,27.83,35.88,21.54,0.0,0,"[{""timestamp"": ""2025-01-30T00:00:00"", ""status"": ""Created"", ""user"": ""System""}, {""timestamp"": ""2025-01-31T17:15:23.578718"", ""status"": ""Tech Review"", ""user"": ""Anshuman""}, {""timestamp"": ""2025-02-01T22:11:16.575690"", ""status"": ""In Sprint Backlog"", ""user"": ""Naineet""}, {""timestamp"": ""2025-02-02T17:48:28.778149"", ""status"": ""In Development"", ""user"": ""Kajol""}, {""timestamp"": ""2025-02-03T21:38:29.902008"", ""status"": ""Tech QC"", ""user"": ""Naineet""}, {""timestamp"": ""2025-02-05T09:31:28.407616"", ""status"": ""Business QC"", ""user"": ""Kajol""}, {""timestamp"": ""2025-02-06T07:04:03.232951"", ""status"": ""Released"", ""user"": ""Virat""}]"
T-1036,Implement Scoreboard Customization,Released,2025-02-01,2025-02-08T05:28:34.385828,True,Design Team,2025-02-02,2025-02-05,3d 0h,UI/UX design approval pending,unni,virat,Story,Sprint 25,Alpha,0d 0h,21.48,43.33,0.0,7.86,49.21,21.91,17.76,11.91,0,"[{""timestamp"": ""2025-02-01T00:00:00"", ""status"": ""Created"", ""user"": ""System""}, {""timestamp"": ""2025-02-01T21:28:53.711641"", ""status"": ""Tech Review"", ""user"": ""Anshuman""}, {""timestamp"": ""2025-02-03T16:48:47.276052"", ""status"": ""In Sprint Backlog"", ""user"": ""Kajol""}, {""timestamp"": ""2025-02-03T20:48:40.849854"", ""status"": ""In Development"", ""user"": ""Naineet""}, {""timestamp"": ""2025-02-04T21:27:11.062144"", ""status"": ""Deprioritized"", ""user"": ""Kajol""}, {""timestamp"": ""2025-02-05T09:21:49.398545"", ""status"": ""In Sprint Backlog"", ""user"": ""Anshuman""}, {""timestamp"": ""2025-02-05T13:13:48.391693"", ""status"": ""In Development"", ""user"": ""Kajol""}, {""timestamp"": ""2025-02-06T13:48:00.389927"", ""status"": ""Tech QC"", ""user"": ""Kajol""}, {""timestamp"": ""2025-02-07T11:42:48.548430"", ""status"": ""Business QC"", ""user"": ""Virat""}, {""timestamp"": ""2025-02-08T05:28:34.385828"", ""status"": ""Released"", ""user"": ""Virat""}]"
T-1037,Add Match Commentary Translation,Released,2025-02-03,2025-02-15T21:50:33.696905,True,Translation Team,2025-02-04,2025-02-07,3d 0h,Deprioritized due to other tickets,shubham,ram,Bug,Sprint 25,Beta,0d 0h,31.37,76.61,39.67,69.4,19.21,70.21,3.38,0.0,0,"[{""timestamp"": ""2025-02-03T00:00:00"", ""status"": ""Created"", ""user"": ""System""}, {""timestamp"": ""2025-02-04T07:22:23.132661"", ""status"": ""Tech Review"", ""user"": ""Kajol""}, {""timestamp"": ""2025-02-05T20:04:43.172192"", ""status"": ""Blocked for Clarification"", ""user"": ""Kajol""}, {""timestamp"": ""2025-02-07T11:44:55.988222"", ""status"": ""Tech Review"", ""user"": ""Naineet""}, {""timestamp"": ""2025-02-09T03:38:56.198075"", ""status"": ""In Sprint Backlog"", ""user"": ""Kajol""}, {""timestamp"": ""2025-02-12T01:03:08.907049"", ""status"": ""In Development"", ""user"": ""Naineet""}, {""timestamp"": ""2025-02-12T17:42:22.311429"", ""status"": ""Tech QC"", ""user"": ""Kajol""}, {""timestamp"": ""2025-02-15T06:07:27.353885"", ""status"": ""In Development"", ""user"": ""Kajol""}, {""timestamp"": ""2025-02-15T08:40:36.307718"", ""status"": ""Tech QC"", ""user"": ""Naineet""}, {""timestamp"": ""2025-02-15T18:27:55.030945"", ""status"": ""Business QC"", ""user"": ""Naineet""}, {""timestamp"": ""2025-02-15T21:50:33.696905"", ""status"": ""Released"", ""user"": ""Anshuman""}]"
T-1038,Build Player Injury Prediction,Released,2025-02-05,2025-02-15T23:32:58.690391,True,Data Science Team,2025-02-06,2025-02-10,4d 0h,Requirement clarification needed,ram,yukt,Story,Sprint 25,Gamma,0d 0h,24.28,43.07,0.0,42.13,34.33,66.51,53.23,0.0,0,"[{""timestamp"": ""2025-02-05T00:00:00"", ""status"": ""Created"", ""user"": ""System""}, {""timestamp"": ""2025-02-06T00:16:53.397996"", ""status"": ""Tech Review"", ""user"": ""Anshuman""}, {""timestamp"": ""2025-02-07T19:20:51.410034"", ""status"": ""In Sprint Backlog"", ""user"": ""Anshuman""}, {""timestamp"": ""2025-02-09T13:28:28.611902"", ""status"": ""In Development"", ""user"": ""Naineet""}, {""timestamp"": ""2025-02-10T23:48:12.448191"", ""status"": ""Tech QC"", ""user"": ""Anshuman""}, {""timestamp"": ""2025-02-13T18:18:57.788307"", ""status"": ""Business QC"", ""user"": ""Anshuman""}, {""timestamp"": ""2025-02-15T23:32:58.690391"", ""status"": ""Released"", ""user"": ""Naineet""}]"
T-1039,Create Match Streaming Integration,Released,2025-02-07,2025-02-12T19:13:34.446961,True,Streaming Provider,2025-02-08,2025-02-12,4d 0h,Contract negotiations in progress,virat,unni,Infra,Sprint 25,Alpha,0d 0h,6.42,52.71,0.0,14.31,20.06,4.07,41.65,0.0,0,"[{""timestamp"": ""2025-02-07T00:00:00"", ""status"": ""Created"", ""user"": ""System""}, {""timestamp"": ""2025-02-07T06:25:26.420831"", ""status"": ""Tech Review"", ""user"": ""Anshuman""}, {""timestamp"": ""2025-02-09T11:07:47.212331"", ""status"": ""In Sprint Backlog"", ""user"": ""Anshuman""}, {""timestamp"": ""2025-02-10T01:26:39.809724"", ""status"": ""In Development"", ""user"": ""Anshuman""}, {""timestamp"": ""2025-02-10T21:30:03.021044"", ""status"": ""Tech QC"", ""user"": ""Virat""}, {""timestamp"": ""2025-02-11T01:34:29.405008"", ""status"": ""Business QC"", ""user"": ""Naineet""}, {""timestamp"": ""2025-02-12T19:13:34.446961"", ""status"": ""Released"", ""user"": ""Anshuman""}]"
T-1040,Add Fantasy League Analytics,Released,2025-02-09,2025-02-15T20:37:48.488856,True,Analytics Team,2025-02-10,2025-02-14,4d 0h,Data model review pending,yukt,shubham,Bug,Sprint 25,Beta,0d 0h,5.26,41.24,63.82,9.72,14.18,6.46,23.95,0.0,0,"[{""timestamp"": ""2025-02-09T00:00:00"", ""status"": ""Created"", ""user"": ""System""}, {""timestamp"": ""2025-02-09T05:15:53.947522"", ""status"": ""Tech Review"", ""user"": ""Anshuman""}, {""timestamp"": ""2025-02-09T21:32:15.879960"", ""status"": ""Blocked for Clarification"", ""user"": ""Virat""}, {""timestamp"": ""2025-02-12T13:21:35.651090"", ""status"": ""Tech Review"", ""user"": ""Virat""}, {""timestamp"": ""2025-02-13T14:19:20.283973"", ""status"": ""In Sprint Backlog"", ""user"": ""Kajol""}, {""timestamp"": ""2025-02-14T00:02:33.969060"", ""status"": ""In Development"", ""user"": ""Virat""}, {""timestamp"": ""2025-02-14T14:13:22.251930"", ""status"": ""Tech QC"", ""user"": ""Anshuman""}, {""timestamp"": ""2025-02-14T20:40:49.695098"", ""status"": ""Business QC"", ""user"": ""Virat""}, {""timestamp"": ""2025-02-15T20:37:48.488856"", ""status"": ""Released"", ""user"": ""Kajol""}]"
T-1041,Implement Match Result Verification,Released,2025-02-11,2025-02-19T00:25:30.467719,True,Verification Team,2025-02-12,2025-02-16,4d 0h,Process approval pending,unni,ram,Story,Sprint 26,Alpha,0d 0h,30.67,66.42,0.0,38.17,34.27,16.97,5.92,0.0,0,"[{""timestamp"": ""2025-02-11T00:00:00"", ""status"": ""Created"", ""user"": ""System""}, {""timestamp"": ""2025-02-12T06:39:55.120399"", ""status"": ""Tech Review"", ""user"": ""Naineet""}, {""timestamp"": ""2025-02-15T01:05:03.408264"", ""status"": ""In Sprint Backlog"", ""user"": ""Kajol""}, {""timestamp"": ""2025-02-16T15:15:10.500254"", ""status"": ""In Development"", ""user"": ""Kajol""}, {""timestamp"": ""2025-02-18T01:31:38.968065"", ""status"": ""Tech QC"", ""user"": ""Naineet""}, {""timestamp"": ""2025-02-18T18:30:01.318912"", ""status"": ""Business QC"", ""user"": ""Anshuman""}, {""timestamp"": ""2025-02-19T00:25:30.467719"", ""status"": ""Released"", ""user"": ""Anshuman""}]"
T-1042,Build Team Performance Metrics,Released,2025-02-13,2025-02-21T11:46:11.051449,True,Performance Team,2025-02-14,2025-02-18,4d 0h,Stuck in business QC,shubham,virat,Infra,Sprint 26,Beta,0d 0h,24.89,6.55,0.0,41.04,7.13,56.72,67.44,0.0,0,"[{""timestamp"": ""2025-02-13T00:00:00"", ""status"": ""Created"", ""user"": ""System""}, {""timestamp"": ""2025-02-14T00:53:19.321147"", ""status"": ""Tech Review"", ""user"": ""Kajol""}, {""timestamp"": ""2025-02-14T07:26:23.997557"", ""status"": ""In Sprint Backlog"", ""user"": ""Naineet""}, {""timestamp"": ""2025-02-16T00:28:34.166314"", ""status"": ""In Development"", ""user"": ""Anshuman""}, {""timestamp"": ""2025-02-16T07:36:15.467488"", ""status"": ""Tech QC"", ""user"": ""Virat""}, {""timestamp"": ""2025-02-18T16:19:40.596153"", ""status"": ""Business QC"", ""user"": ""Anshuman""}, {""timestamp"": ""2025-02-21T11:46:11.051449"", ""status"": ""Released"", ""user"": ""Kajol""}]"
T-1043,Add Match Statistics Export,Tech QC,2025-02-15,,True,Export Service,2025-02-16,2025-02-20,4d 0h,Service configuration issues,ram,yukt,Bug,Sprint 26,Gamma,0d 0h,34.96,67.83,0.0,39.39,90.39,41.15,5.46,0.0,0,"[{""timestamp"": ""2025-02-15T00:00:00"", ""status"": ""Created"", ""user"": ""System""}, {""timestamp"": ""2025-02-16T10:57:53.604988"", ""status"": ""Tech Review"", ""user"": ""Naineet""}, {""timestamp"": ""2025-02-19T06:47:51.170064"", ""status"": ""In Sprint Backlog"", ""user"": ""Virat""}, {""timestamp"": ""2025-02-20T22:11:25.027422"", ""status"": ""In Development"", ""user"": ""Naineet""}, {""timestamp"": ""2025-02-22T15:58:08.077363"", ""status"": ""Tech QC"", ""user"": ""Kajol""}, {""timestamp"": ""2025-02-23T15:39:57.555165"", ""status"": ""In Development"", ""user"": ""Naineet""}, {""timestamp"": ""2025-02-24T01:57:32.162488"", ""status"": ""Tech QC"", ""user"": ""Virat""}, {""timestamp"": ""2025-02-24T19:24:44.939105"", ""status"": ""Business QC"", ""user"": ""Virat""}, {""timestamp"": ""2025-02-25T00:52:25.949126"", ""status"": ""In Development"", ""user"": ""Naineet""}, {""timestamp"": ""2025-02-26T15:11:35.273708"", ""status"": ""Tech QC"", ""user"": ""Anshuman""}]"
T-1044,Create Player Achievement System,Blocked for Clarification,2025-02-17,,True,Achievement Engine,2025-02-18,2025-02-22,4d 0h,Engine development in progress,virat,unni,Story,Sprint 26,Alpha,0d 0h,11.71,36.15,68.43,44.6,93.3,0.0,0.0,0.0,0,"[{""timestamp"": ""2025-02-17T00:00:00"", ""status"": ""Created"", ""user"": ""System""}, {""timestamp"": ""2025-02-17T11:42:21.376436"", ""status"": ""Tech Review"", ""user"": ""Virat""}, {""timestamp"": ""2025-02-18T23:51:06.823134"", ""status"": ""In Sprint Backlog"", ""user"": ""Kajol""}, {""timestamp"": ""2025-02-20T20:27:03.916396"", ""status"": ""In Development"", ""user"": ""Kajol""}, {""timestamp"": ""2025-02-23T13:47:30.798090"", ""status"": ""Blocked for Clarification"", ""user"": ""Anshuman""}, {""timestamp"": ""2025-02-26T10:13:22.743289"", ""status"": ""In Development"", ""user"": ""Naineet""}, {""timestamp"": ""2025-02-27T14:10:39.373910"", ""status"": ""Blocked for Clarification"", ""user"": ""Virat""}]"
T-1045,Implement Match Replay Controls,Released,2025-02-19,2025-02-28T18:01:56.280140,True,Video Controls,2025-02-20,2025-02-24,4d 0h,UI component library issues,yukt,shubham,Infra,Sprint 26,Beta,0d 0h,6.64,31.89,2.42,0.0,27.31,105.6,60.18,0.0,0,"[{""timestamp"": ""2025-02-19T00:00:00"", ""status"": ""Created"", ""user"": ""System""}, {""timestamp"": ""2025-02-19T06:38:06.570283"", ""status"": ""Tech Review"", ""user"": ""Anshuman""}, {""timestamp"": ""2025-02-20T14:31:25.649019"", ""status"": ""Blocked for Clarification"", ""user"": ""Virat""}, {""timestamp"": ""2025-02-20T16:56:20.176705"", ""status"": ""In Development"", ""user"": ""Naineet""}, {""timestamp"": ""2025-02-21T09:40:37.681331"", ""status"": ""Tech QC"", ""user"": ""Naineet""}, {""timestamp"": ""2025-02-24T08:01:34.015088"", ""status"": ""In Development"", ""user"": ""Naineet""}, {""timestamp"": ""2025-02-24T18:36:07.458645"", ""status"": ""Tech QC"", ""user"": ""Anshuman""}, {""timestamp"": ""2025-02-26T05:51:17.880894"", ""status"": ""Business QC"", ""user"": ""Kajol""}, {""timestamp"": ""2025-02-28T18:01:56.280140"", ""status"": ""Released"", ""user"": ""Naineet""}]"
